Additional use case of ChatGPT,Count
Code Optimization,8
Learning Tool/Study Buddy/Cross-ceck answers,4
Task Explanation,4
Translator,3
Detailed Code Explanation,3
Search Engine,2
Solve Comprehension Questions,2
Grammar Correction,2
Improving Coding Vocabulary,2
Writing Job Application,2
Research Tool,2
Explain built-in functions,2
Text Summary,2
Private Usage,1
Templates,1
Health Issues,1
E-Commerce,1
Style Conventions,1
Orientation/General Overview,1
Counter to increasing Academic Pressure and Time Management,1
Brainstorming,1
Music Composition,1
Rephrasing,1
